{
  "id": "kctg-2e",
  "title": "Kris's Compendium of Trade Goods - PF2e edition",
  "description": "<i>A comprehensive database of trade goods aimed at enhancing worldbuilding efforts by facilitating the distribution of resources and bringing depth to various regions, while also catering to political interests</i><br /><br /> *** Support me on <a href=\"https://patreon.com/KCTG\" title=\"PATREON\">Patreon</a> or join me on <a href=\"https://discord.gg/MYgCWdAc9c\" title=\"Discord\">Discord</a> ***<p></p>",
  "version": "1.1.1b",
  "compatibility": {
    "minimum": "11",
    "verified": "11",
    "maximum": "11"
  },
  "scripts": [
    "scripts/kctg-welcome.js"
  ],
  "authors": [
    {
      "name": "kristkos",
      "discord": "kristkos",
      "url": "https://patreon.com/KCTG",
      "flags": {}
    }
  ],
  "media": [
    {
      "type": "cover",
      "location": "modules/kctg-2e/banner/Thumb.webp"
      },
    {
        "type": "setup",
        "caption": "Kris's Compendium of Trade Goods",
        "thumbnail": "modules/kctg-2e/banner/Thumb.webp"
    }],
  "packs": [
    {
      "name": "kctg-2e",
      "label": "PF2e - KCTG",
      "path": "packs/kctg-2e",
      "type": "Item",
      "ownership": {
        "PLAYER": "OBSERVER",
        "ASSISTANT": "OWNER"
      },
      "banner": "modules/kctg-2e/banner/Banner.webp",
      "system": "pf2e",
      "flags": {}
    }
  ],
  "download": "https://github.com/kristkos/KCTG-2e/releases/download/1.1.1b/kctg-2e.zip",
  "manifest": "https://github.com/kristkos/KCTG-2e/blob/main/module.json"
}